time-window-size,L2-error Dirichlet (pySDC),L2-error Neumann (fenics)
1.0,0.00363,0.00118
0.5,0.00188,0.000646
0.25,0.000935,0.000414
0.125,0.000398,0.000255
0.0625,0.000178,0.000178
0.03125,9.63e-05,0.000145
0.015625,6.04e-05,0.000115
0.0078125,4.73e-05,0.000104
0.00390625,2.27e-05,5.13e-05
0.001953125,1.09e-05,2.54e-05