time-window_size,L2-error Dirichlet (pySDC),L2-error Neumann (fenics)
1.0,0.00363,0.00118
0.5,0.00188,0.000646
0.25,0.000935,0.000414
0.125,0.000398,0.000255
0.0625,
0.03125,
0.015625,
0.0078125,
0.00390625,
0.001953125,