time-window-size,L2-error Dirichlet (pySDC),L2-error Neumann (fenics)
1.0,1.15e-09,5.35e-10
0.5,
0.25,
0.125,
0.0625,
0.03125,
0.015625,
0.0078125,
0.00390625,
0.001953125,