time-window-size,L2-error Dirichlet (pySDC),L2-error Neumann (fenics)
1.0,1.36e-13,3.32e-13
0.5,1.5e-13,3.35e-13
0.25,1.62e-13,3.38e-13
0.125,
0.0625,
0.03125,
0.015625,
0.0078125,
0.00390625,
0.001953125,