dt;2;order 2;4;order 4;8;order 8;16;order 16
1;1.56E+00;;9.95E-01;;1.56E-01;;6.98E-04;
0.5;1.32E+00;0.23;5.70E-01;0.80;1.78E-02;3.13;6.20E-06;6.82
0.25;9.97E-01;0.41;2.01E-01;1.50;1.01E-03;4.14;4.87E-09;10.31
0.125;6.19E-01;0.69;3.17E-02;2.67;1.96E-05;5.69;9.62E-14;15.63
0.0625;2.83E-01;1.13;2.39E-03;3.73;1.35E-07;7.18;8.54E-14;
0.03125;9.24E-02;1.61;1.18E-04;4.35;4.35E-10;8.28;7.38E-14;
0.01562;2.51E-02;1.88;4.34E-06;4.76;1.83E-13;11.21;3.17E-14;
