dt,2,2_order,4,4_order,8,8_order,16,16_order
1.0,0.45119431204888943,0.0,0.2138721161322877,0.0,0.003013507434338012,0.0,4.238432839649046e-09,0.0
0.5,0.3529124407453227,0.3544385922196081,0.06377435543229239,1.7457000837487502,6.123753498105689e-05,5.62088360308035,9.728110909461844e-14,15.411011724460781
0.25,0.21537582962831728,0.7124539346661897,0.006740005548591898,3.242154728382166,4.123178574012896e-07,7.214515454998297,9.569632965320808e-14,0.023696084433468746
0.125,0.08700074633334785,1.3077566714822528,0.0003336389591864312,4.336390111135197,1.2818812649761316e-09,8.329350497529806,9.384603986836027e-14,0.028167725257203145
0.0625,0.025629278187048268,1.763234929427873,1.2619705863803873e-05,4.724537572897559,4.954212548292385e-13,11.337319252006912,8.621380290041704e-14,0.12237700277926841
0.03125,0.006701068856849634,1.9353297109775298,4.0152692280336784e-07,4.974037749388984,8.71371458141133e-14,2.507296001671009,8.639996565503319e-14,-0.0031118744380803478
0.015625,0.0016945795869502305,1.9834638361594539,1.1591393860613725e-08,5.114370759801483,7.289451219393923e-14,0.2574776519291958,7.36509774037915e-14,0.23032606786620138
0.0078125,0.000424867480602762,1.9958425664796307,2.985759779063136e-10,5.278812152746859,3.498109074805551e-14,1.0592349317332044,3.675823936769873e-14,1.0026370044167696
